<Anims>
 <anim name="idle" root="furrypillow" numframes="200" framerate="40">
  <frame idx="0" w="159" h="378" x="-28.824539" y="-141.473160">
   <element name="furrypillow01" layername="furrypillo" frame="0" z_index="0" m_a="1.000000" m_b="0.000000" m_c="0.000000" m_d="0.999756" m_tx="0.000000" m_ty="0.000000"/>
  </frame>
  <frame idx="25" w="159" h="378" x="-28.824539" y="-141.473160">
   <element name="furrypillow01" layername="furrypillo" frame="0" z_index="0" m_a="1.000000" m_b="0.000000" m_c="0.000000" m_d="0.999756" m_tx="0.000000" m_ty="0.000000"/>
  </frame>
  <frame idx="50" w="159" h="378" x="-28.824539" y="-141.473160">
   <element name="furrypillow01" layername="furrypillo" frame="0" z_index="0" m_a="1.000000" m_b="0.000000" m_c="0.000000" m_d="0.999756" m_tx="0.000000" m_ty="0.000000"/>
  </frame>
  <frame idx="75" w="159" h="378" x="-28.824539" y="-141.473160">
   <element name="furrypillow01" layername="furrypillo" frame="0" z_index="0" m_a="1.000000" m_b="0.000000" m_c="0.000000" m_d="0.999756" m_tx="0.000000" m_ty="0.000000"/>
  </frame>
  <frame idx="100" w="159" h="378" x="-28.824539" y="-141.473160">
   <element name="furrypillow01" layername="furrypillo" frame="0" z_index="0" m_a="1.000000" m_b="0.000000" m_c="0.000000" m_d="0.999756" m_tx="0.000000" m_ty="0.000000"/>
  </frame>
  <frame idx="125" w="159" h="378" x="-28.824539" y="-141.473160">
   <element name="furrypillow01" layername="furrypillo" frame="0" z_index="0" m_a="1.000000" m_b="0.000000" m_c="0.000000" m_d="0.999756" m_tx="0.000000" m_ty="0.000000"/>
  </frame>
  <frame idx="150" w="159" h="378" x="-28.824539" y="-141.473160">
   <element name="furrypillow01" layername="furrypillo" frame="0" z_index="0" m_a="1.000000" m_b="0.000000" m_c="0.000000" m_d="0.999756" m_tx="0.000000" m_ty="0.000000"/>
  </frame>
  <frame idx="175" w="159" h="378" x="-28.824539" y="-141.473160">
   <element name="furrypillow01" layername="furrypillo" frame="0" z_index="0" m_a="1.000000" m_b="0.000000" m_c="0.000000" m_d="0.999756" m_tx="0.000000" m_ty="0.000000"/>
  </frame>
 </anim>
</Anims>
