<Anims>
 <anim name="ghost_activate" root="status_sanity" numframes="400" framerate="40">
  <frame idx="0" w="21" h="9" x="-22.511261" y="-28.683239">
   <element name="ghosticon" layername="ghosticon" frame="2" z_index="6" m_a="0.197598" m_b="-0.114080" m_c="0.090800" m_d="0.157275" m_tx="-19.299999" m_ty="-25.299999"/>
  </frame>
  <frame idx="25" w="32" h="26" x="-25.980011" y="-38.746498">
   <element name="ghosticon" layername="ghosticon" frame="2" z_index="6" m_a="0.350527" m_b="-0.075197" m_c="0.059851" m_d="0.278991" m_tx="-22.319290" m_ty="-32.098331"/>
  </frame>
  <frame idx="50" w="33" h="63" x="-26.961361" y="-51.528042">
   <element name="ghosticon" layername="ghosticon" frame="1" z_index="6" m_a="0.389496" m_b="-0.033182" m_c="0.037498" m_d="0.440150" m_tx="-24.009254" m_ty="-45.669289"/>
  </frame>
  <frame idx="75" w="29" h="94" x="-26.030699" y="-65.910141">
   <element name="ghosticon" layername="ghosticon" frame="0" z_index="6" m_a="0.373924" m_b="-0.007986" m_c="0.012285" m_d="0.575224" m_tx="-23.628487" m_ty="-58.109467"/>
  </frame>
  <frame idx="100" w="21" h="117" x="-21.949190" y="-78.313843">
   <element name="ghosticon" layername="ghosticon" frame="0" z_index="6" m_a="0.366226" m_b="0.048358" m_c="-0.078225" m_d="0.592424" m_tx="-20.013376" m_ty="-68.533272"/>
  </frame>
  <frame idx="125" w="21" h="112" x="-21.904200" y="-73.980644">
   <element name="ghosticon" layername="ghosticon" frame="0" z_index="6" m_a="0.371669" m_b="0.046623" m_c="-0.074080" m_d="0.590555" m_tx="-19.971197" m_ty="-64.698982"/>
  </frame>
  <frame idx="150" w="23" h="96" x="-21.806959" y="-60.632015">
   <element name="ghosticon" layername="ghosticon" frame="0" z_index="6" m_a="0.388676" m_b="0.041225" m_c="-0.062066" m_d="0.585158" m_tx="-19.882414" m_ty="-52.847115"/>
  </frame>
  <frame idx="175" w="27" h="70" x="-22.110783" y="-37.639938">
   <element name="ghosticon" layername="ghosticon" frame="0" z_index="6" m_a="0.418677" m_b="0.030233" m_c="-0.041530" m_d="0.575131" m_tx="-19.700926" m_ty="-31.848780"/>
  </frame>
  <frame idx="200" w="33" h="31" x="-22.254816" y="-3.790206">
   <element name="ghosticon" layername="ghosticon" frame="0" z_index="6" m_a="0.462143" m_b="0.010560" m_c="-0.012776" m_d="0.559113" m_tx="-19.365889" m_ty="-0.988525"/>
  </frame>
  <frame idx="225" w="35" h="15" x="-22.006502" y="10.082263">
   <element name="ghosticon" layername="ghosticon" frame="0" z_index="6" m_a="0.479108" m_b="0.002897" m_c="-0.003341" m_d="0.552375" m_tx="-19.125118" m_ty="11.388219"/>
  </frame>
  <frame idx="250" w="36" h="9" x="-21.913864" y="14.336550">
   <element name="ghosticon" layername="ghosticon" frame="0" z_index="6" m_a="0.488320" m_b="0.000000" m_c="0.000000" m_d="0.539317" m_tx="-19.035954" m_ty="15.147799"/>
  </frame>
  <frame idx="275" w="36" h="9" x="-21.923374" y="13.372890">
   <element name="ghosticon" layername="ghosticon" frame="0" z_index="6" m_a="0.492778" m_b="0.000000" m_c="0.000000" m_d="0.524280" m_tx="-19.046577" m_ty="14.189403"/>
  </frame>
  <frame idx="300" w="36" h="9" x="-21.959192" y="12.688019">
   <element name="ghosticon" layername="ghosticon" frame="0" z_index="6" m_a="0.496292" m_b="0.000000" m_c="0.000000" m_d="0.512466" m_tx="-19.083275" m_ty="13.508666"/>
  </frame>
  <frame idx="325" w="36" h="9" x="-21.921230" y="12.201151">
   <element name="ghosticon" layername="ghosticon" frame="0" z_index="6" m_a="0.498334" m_b="0.000000" m_c="0.000000" m_d="0.505578" m_tx="-19.045824" m_ty="13.024209"/>
  </frame>
  <frame idx="350" w="36" h="9" x="-21.907301" y="11.942806">
   <element name="ghosticon" layername="ghosticon" frame="0" z_index="6" m_a="0.499520" m_b="0.000000" m_c="0.000000" m_d="0.501596" m_tx="-19.032190" m_ty="12.767258"/>
  </frame>
  <frame idx="375" w="36" h="9" x="-21.907021" y="11.854541">
   <element name="ghosticon" layername="ghosticon" frame="0" z_index="6" m_a="0.500000" m_b="0.000000" m_c="0.000000" m_d="0.500000" m_tx="-19.032030" m_ty="12.679551"/>
  </frame>
 </anim>
 <anim name="ghost_deactivate" root="status_sanity" numframes="250" framerate="40">
  <frame idx="0" w="36" h="8" x="-22.074991" y="17.925009">
   <element name="ghosticon" layername="ghosticon" frame="0" z_index="6" m_a="0.500000" m_b="0.000000" m_c="0.000000" m_d="0.500000" m_tx="-19.200001" m_ty="24.299999"/>
  </frame>
  <frame idx="25" w="33" h="32" x="-23.485371" y="-8.143380">
   <element name="ghosticon" layername="ghosticon" frame="0" z_index="6" m_a="0.446718" m_b="0.000000" m_c="0.000000" m_d="0.539954" m_tx="-20.597059" m_ty="-5.332353"/>
  </frame>
  <frame idx="50" w="31" h="61" x="-24.531712" y="-33.082279">
   <element name="ghosticon" layername="ghosticon" frame="0" z_index="6" m_a="0.406459" m_b="0.000000" m_c="0.000000" m_d="0.570147" m_tx="-21.633333" m_ty="-27.781818"/>
  </frame>
  <frame idx="75" w="28" h="78" x="-24.689705" y="-48.557297">
   <element name="ghosticon" layername="ghosticon" frame="0" z_index="6" m_a="0.380550" m_b="0.000000" m_c="0.000000" m_d="0.589582" m_tx="-22.284849" m_ty="-42.263638"/>
  </frame>
  <frame idx="100" w="28" h="87" x="-24.957600" y="-55.690777">
   <element name="ghosticon" layername="ghosticon" frame="0" z_index="6" m_a="0.369568" m_b="0.000000" m_c="0.000000" m_d="0.597824" m_tx="-22.549999" m_ty="-48.400002"/>
  </frame>
  <frame idx="125" w="28" h="81" x="-25.765320" y="-52.771877">
   <element name="ghosticon" layername="ghosticon" frame="0" z_index="6" m_a="0.373989" m_b="0.000000" m_c="0.000000" m_d="0.576181" m_tx="-23.358824" m_ty="-45.973530"/>
  </frame>
  <frame idx="150" w="32" h="58" x="-26.062525" y="-42.633659">
   <element name="ghosticon" layername="ghosticon" frame="0" z_index="6" m_a="0.389601" m_b="-0.018698" m_c="0.021536" m_d="0.448743" m_tx="-23.167469" m_ty="-37.786034"/>
  </frame>
  <frame idx="175" w="32" h="28" x="-24.474964" y="-30.101646">
   <element name="ghosticon" layername="ghosticon" frame="1" z_index="6" m_a="0.355093" m_b="-0.072669" m_c="0.057839" m_d="0.282624" m_tx="-21.499704" m_ty="-27.361017"/>
  </frame>
  <frame idx="200" w="21" h="8" x="-21.228905" y="-26.298555">
   <element name="ghosticon" layername="ghosticon" frame="2" z_index="6" m_a="0.197598" m_b="-0.114080" m_c="0.090800" m_d="0.157275" m_tx="-18.017643" m_ty="-22.915316"/>
  </frame>
  <frame idx="225" w="31" h="8" x="-22.656631" y="-14.944132">
   <element name="ghosticon" layername="ghosticon" frame="2" z_index="6" m_a="0.312001" m_b="-0.106248" m_c="0.096839" m_d="0.284372" m_tx="-18.428104" m_ty="-4.112084"/>
  </frame>
 </anim>
 <anim name="ghost_idle" root="status_sanity" numframes="750" framerate="40">
  <frame idx="0" w="36" h="8" x="-22.074991" y="17.925009">
   <element name="ghosticon" layername="ghosticon" frame="0" z_index="6" m_a="0.500000" m_b="0.000000" m_c="0.000000" m_d="0.500000" m_tx="-19.200001" m_ty="24.299999"/>
  </frame>
  <frame idx="25" w="36" h="8" x="-22.074991" y="17.925009">
   <element name="ghosticon" layername="ghosticon" frame="0" z_index="6" m_a="0.500000" m_b="0.000000" m_c="0.000000" m_d="0.500000" m_tx="-19.200001" m_ty="23.822058"/>
  </frame>
  <frame idx="50" w="36" h="6" x="-22.074991" y="18.425009">
   <element name="ghosticon" layername="ghosticon" frame="0" z_index="6" m_a="0.500000" m_b="0.000000" m_c="0.000000" m_d="0.500000" m_tx="-19.200001" m_ty="23.431818"/>
  </frame>
  <frame idx="75" w="36" h="6" x="-22.074991" y="18.425009">
   <element name="ghosticon" layername="ghosticon" frame="0" z_index="6" m_a="0.500000" m_b="0.000000" m_c="0.000000" m_d="0.500000" m_tx="-19.200001" m_ty="23.127274"/>
  </frame>
  <frame idx="100" w="36" h="6" x="-22.074991" y="18.425009">
   <element name="ghosticon" layername="ghosticon" frame="0" z_index="6" m_a="0.500000" m_b="0.000000" m_c="0.000000" m_d="0.500000" m_tx="-19.200001" m_ty="22.900000"/>
  </frame>
  <frame idx="125" w="36" h="6" x="-22.074991" y="18.425009">
   <element name="ghosticon" layername="ghosticon" frame="0" z_index="6" m_a="0.500000" m_b="0.000000" m_c="0.000000" m_d="0.500000" m_tx="-19.200001" m_ty="22.826469"/>
  </frame>
  <frame idx="150" w="36" h="6" x="-22.074991" y="18.425009">
   <element name="ghosticon" layername="ghosticon" frame="0" z_index="6" m_a="0.500000" m_b="0.000000" m_c="0.000000" m_d="0.500000" m_tx="-19.200001" m_ty="22.824242"/>
  </frame>
  <frame idx="175" w="36" h="6" x="-22.074991" y="18.425009">
   <element name="ghosticon" layername="ghosticon" frame="0" z_index="6" m_a="0.500000" m_b="0.000000" m_c="0.000000" m_d="0.500000" m_tx="-19.200001" m_ty="22.862122"/>
  </frame>
  <frame idx="200" w="36" h="6" x="-22.074991" y="18.425009">
   <element name="ghosticon" layername="ghosticon" frame="0" z_index="6" m_a="0.500000" m_b="0.000000" m_c="0.000000" m_d="0.500000" m_tx="-19.200001" m_ty="22.900000"/>
  </frame>
  <frame idx="225" w="36" h="6" x="-22.074991" y="18.425009">
   <element name="ghosticon" layername="ghosticon" frame="0" z_index="6" m_a="0.500000" m_b="0.000000" m_c="0.000000" m_d="0.500000" m_tx="-19.200001" m_ty="23.010294"/>
  </frame>
  <frame idx="250" w="36" h="6" x="-22.074991" y="18.425009">
   <element name="ghosticon" layername="ghosticon" frame="0" z_index="6" m_a="0.500000" m_b="0.000000" m_c="0.000000" m_d="0.500000" m_tx="-19.200001" m_ty="23.146969"/>
  </frame>
  <frame idx="275" w="36" h="6" x="-22.074991" y="18.425009">
   <element name="ghosticon" layername="ghosticon" frame="0" z_index="6" m_a="0.500000" m_b="0.000000" m_c="0.000000" m_d="0.500000" m_tx="-19.200001" m_ty="23.310606"/>
  </frame>
  <frame idx="300" w="36" h="6" x="-22.074991" y="18.425009">
   <element name="ghosticon" layername="ghosticon" frame="0" z_index="6" m_a="0.500000" m_b="0.000000" m_c="0.000000" m_d="0.500000" m_tx="-19.200001" m_ty="23.500000"/>
  </frame>
  <frame idx="325" w="36" h="6" x="-22.074991" y="18.425009">
   <element name="ghosticon" layername="ghosticon" frame="0" z_index="6" m_a="0.500000" m_b="0.000000" m_c="0.000000" m_d="0.500000" m_tx="-19.200001" m_ty="23.720587"/>
  </frame>
  <frame idx="350" w="36" h="8" x="-22.074991" y="17.925009">
   <element name="ghosticon" layername="ghosticon" frame="0" z_index="6" m_a="0.500000" m_b="0.000000" m_c="0.000000" m_d="0.500000" m_tx="-19.200001" m_ty="23.969696"/>
  </frame>
  <frame idx="375" w="36" h="8" x="-22.074991" y="17.925009">
   <element name="ghosticon" layername="ghosticon" frame="0" z_index="6" m_a="0.500000" m_b="0.000000" m_c="0.000000" m_d="0.500000" m_tx="-19.200001" m_ty="24.246969"/>
  </frame>
  <frame idx="400" w="36" h="8" x="-22.074991" y="17.925009">
   <element name="ghosticon" layername="ghosticon" frame="0" z_index="6" m_a="0.500000" m_b="0.000000" m_c="0.000000" m_d="0.500000" m_tx="-19.200001" m_ty="24.549999"/>
  </frame>
  <frame idx="425" w="36" h="9" x="-22.074991" y="17.925009">
   <element name="ghosticon" layername="ghosticon" frame="0" z_index="6" m_a="0.500000" m_b="0.000000" m_c="0.000000" m_d="0.500000" m_tx="-19.200001" m_ty="24.917646"/>
  </frame>
  <frame idx="450" w="36" h="9" x="-22.074991" y="17.925009">
   <element name="ghosticon" layername="ghosticon" frame="0" z_index="6" m_a="0.500000" m_b="0.000000" m_c="0.000000" m_d="0.500000" m_tx="-19.200001" m_ty="25.292423"/>
  </frame>
  <frame idx="475" w="36" h="9" x="-22.074991" y="17.925009">
   <element name="ghosticon" layername="ghosticon" frame="0" z_index="6" m_a="0.500000" m_b="0.000000" m_c="0.000000" m_d="0.500000" m_tx="-19.200001" m_ty="25.489393"/>
  </frame>
  <frame idx="500" w="36" h="9" x="-22.074991" y="17.925009">
   <element name="ghosticon" layername="ghosticon" frame="0" z_index="6" m_a="0.500000" m_b="0.000000" m_c="0.000000" m_d="0.500000" m_tx="-19.200001" m_ty="25.299999"/>
  </frame>
  <frame idx="525" w="36" h="9" x="-22.074991" y="17.925009">
   <element name="ghosticon" layername="ghosticon" frame="0" z_index="6" m_a="0.500000" m_b="0.000000" m_c="0.000000" m_d="0.500000" m_tx="-19.200001" m_ty="25.116177"/>
  </frame>
  <frame idx="550" w="36" h="9" x="-22.074991" y="17.925009">
   <element name="ghosticon" layername="ghosticon" frame="0" z_index="6" m_a="0.500000" m_b="0.000000" m_c="0.000000" m_d="0.500000" m_tx="-19.200001" m_ty="24.953030"/>
  </frame>
  <frame idx="575" w="36" h="9" x="-22.074991" y="17.925009">
   <element name="ghosticon" layername="ghosticon" frame="0" z_index="6" m_a="0.500000" m_b="0.000000" m_c="0.000000" m_d="0.500000" m_tx="-19.200001" m_ty="24.813637"/>
  </frame>
  <frame idx="600" w="36" h="8" x="-22.074991" y="17.925009">
   <element name="ghosticon" layername="ghosticon" frame="0" z_index="6" m_a="0.500000" m_b="0.000000" m_c="0.000000" m_d="0.500000" m_tx="-19.200001" m_ty="24.700001"/>
  </frame>
  <frame idx="625" w="36" h="8" x="-22.074991" y="17.925009">
   <element name="ghosticon" layername="ghosticon" frame="0" z_index="6" m_a="0.500000" m_b="0.000000" m_c="0.000000" m_d="0.500000" m_tx="-19.200001" m_ty="24.589706"/>
  </frame>
  <frame idx="650" w="36" h="8" x="-22.074991" y="17.925009">
   <element name="ghosticon" layername="ghosticon" frame="0" z_index="6" m_a="0.500000" m_b="0.000000" m_c="0.000000" m_d="0.500000" m_tx="-19.200001" m_ty="24.501514"/>
  </frame>
  <frame idx="675" w="36" h="8" x="-22.074991" y="17.925009">
   <element name="ghosticon" layername="ghosticon" frame="0" z_index="6" m_a="0.500000" m_b="0.000000" m_c="0.000000" m_d="0.500000" m_tx="-19.200001" m_ty="24.425758"/>
  </frame>
  <frame idx="700" w="36" h="8" x="-22.074991" y="17.925009">
   <element name="ghosticon" layername="ghosticon" frame="0" z_index="6" m_a="0.500000" m_b="0.000000" m_c="0.000000" m_d="0.500000" m_tx="-19.200001" m_ty="24.350000"/>
  </frame>
  <frame idx="725" w="36" h="8" x="-22.074991" y="17.925009">
   <element name="ghosticon" layername="ghosticon" frame="0" z_index="6" m_a="0.500000" m_b="0.000000" m_c="0.000000" m_d="0.500000" m_tx="-19.200001" m_ty="24.313234"/>
  </frame>
 </anim>
 <anim name="transition_lunacy" root="status_sanity" numframes="350" framerate="40">
  <frame idx="0" w="24" h="75" x="-3.025000" y="-5.350034">
   <element name="crack" layername="crack" frame="0" z_index="5" m_a="1.000000" m_b="0.000000" m_c="0.000000" m_d="1.000000" m_tx="-0.300000" m_ty="0.450000"/>
  </frame>
  <frame idx="25" w="24" h="76" x="-1.649382" y="-4.558553">
   <element name="crack" layername="crack" frame="0" z_index="5" m_a="1.000000" m_b="0.000000" m_c="0.000000" m_d="1.000000" m_tx="1.075618" m_ty="1.241481"/>
  </frame>
  <frame idx="50" w="36" h="82" x="-2.900050" y="-6.727497">
   <element name="crack" layername="crack" frame="1" z_index="5" m_a="1.222628" m_b="0.000000" m_c="0.000000" m_d="1.000000" m_tx="-0.052868" m_ty="0.672478"/>
  </frame>
  <frame idx="75" w="48" h="81" x="-5.375800" y="-6.918406">
   <element name="crack" layername="crack" frame="1" z_index="5" m_a="1.659749" m_b="0.000000" m_c="0.000000" m_d="1.000000" m_tx="-1.583255" m_ty="0.481569"/>
  </frame>
  <frame idx="100" w="66" h="78" x="-6.739307" y="-3.956285">
   <element name="crack" layername="crack" frame="1" z_index="5" m_a="2.286560" m_b="0.000000" m_c="0.000000" m_d="1.000000" m_tx="-1.525108" m_ty="2.943690"/>
  </frame>
  <frame idx="125" w="66" h="81" x="-6.487420" y="-6.901145">
   <element name="crack" layername="crack" frame="1" z_index="5" m_a="2.286560" m_b="0.000000" m_c="0.000000" m_d="1.000000" m_tx="-1.273221" m_ty="0.498830"/>
  </frame>
  <frame idx="150" w="65" h="83" x="-5.039413" y="-7.448699">
   <element name="crack" layername="crack" frame="2" z_index="5" m_a="1.662773" m_b="0.000000" m_c="0.000000" m_d="1.000000" m_tx="-0.453966" m_ty="-0.623733"/>
  </frame>
  <frame idx="175" w="92" h="90" x="-9.015000" y="-7.306285">
   <element name="crack" layername="crack" frame="4" z_index="5" m_a="1.000000" m_b="0.000000" m_c="0.000000" m_d="1.000000" m_tx="-0.115021" m_ty="-0.881298"/>
   <element name="glow2" layername="glow2" frame="0" z_index="4" m_a="0.769847" m_b="0.000000" m_c="0.000000" m_d="0.769847" m_tx="0.000000" m_ty="0.000000"/>
  </frame>
  <frame idx="200" w="118" h="117" x="-11.015000" y="-9.806286">
   <element name="crack" layername="crack" frame="4" z_index="5" m_a="1.000000" m_b="0.000000" m_c="0.000000" m_d="1.000000" m_tx="-0.115021" m_ty="-0.881298"/>
   <element name="glow2" layername="glow2" frame="0" z_index="4" m_a="1.000000" m_b="0.000000" m_c="0.000000" m_d="1.000000" m_tx="0.000000" m_ty="0.000000"/>
  </frame>
  <frame idx="225" w="125" h="123" x="-11.542691" y="-10.106989">
   <element name="crack" layername="crack" frame="4" z_index="5" m_a="1.000000" m_b="0.000000" m_c="0.000000" m_d="1.000000" m_tx="-0.142713" m_ty="-0.682002"/>
   <element name="glow2" layername="glow2" frame="0" z_index="4" m_a="1.055412" m_b="0.000000" m_c="0.000000" m_d="1.055412" m_tx="0.085376" m_ty="0.155254"/>
  </frame>
  <frame idx="250" w="161" h="159" x="-14.570383" y="-12.907693">
   <element name="crack" layername="crack" frame="4" z_index="5" m_a="1.000000" m_b="0.000000" m_c="0.000000" m_d="1.000000" m_tx="-0.170404" m_ty="-0.482706"/>
   <element name="glow2" layername="glow2" frame="1" z_index="5" m_a="1.093847" m_b="0.000000" m_c="0.000000" m_d="1.093847" m_tx="0.069796" m_ty="0.207870"/>
  </frame>
  <frame idx="275" w="174" h="172" x="-15.598074" y="-13.708397">
   <element name="crack" layername="crack" frame="4" z_index="5" m_a="1.000000" m_b="0.000000" m_c="0.000000" m_d="1.000000" m_tx="-0.198096" m_ty="-0.283409"/>
   <element name="glow2" layername="glow2" frame="2" z_index="5" m_a="1.116576" m_b="0.000000" m_c="0.000000" m_d="1.116576" m_tx="-0.008100" m_ty="0.169763"/>
  </frame>
  <frame idx="300" w="182" h="179" x="-16.625765" y="-14.009101">
   <element name="crack" layername="crack" frame="4" z_index="5" m_a="1.000000" m_b="0.000000" m_c="0.000000" m_d="1.000000" m_tx="-0.225787" m_ty="-0.084113"/>
   <element name="glow2" layername="glow2" frame="3" z_index="5" m_a="1.126220" m_b="0.000000" m_c="0.000000" m_d="1.126220" m_tx="0.006987" m_ty="0.225217"/>
  </frame>
  <frame idx="325" w="156" h="154" x="-14.153458" y="-11.809805">
   <element name="crack" layername="crack" frame="4" z_index="5" m_a="1.000000" m_b="0.000000" m_c="0.000000" m_d="1.000000" m_tx="-0.253478" m_ty="0.115183"/>
   <element name="glow2" layername="glow2" frame="3" z_index="5" m_a="0.965764" m_b="0.000000" m_c="0.000000" m_d="0.965764" m_tx="0.003756" m_ty="0.121066"/>
  </frame>
 </anim>
 <anim name="transition_sanity" root="status_sanity" numframes="350" framerate="40">
  <frame idx="0" w="27" h="6" x="-1.618758" y="-5.575744">
   <element name="spiral" layername="spiral" frame="0" z_index="5" m_a="0.255752" m_b="-0.392807" m_c="0.392807" m_d="0.255752" m_tx="0.000000" m_ty="0.000000"/>
  </frame>
  <frame idx="25" w="39" h="6" x="-2.089026" y="-0.643878">
   <element name="spiral" layername="spiral" frame="0" z_index="5" m_a="0.537214" m_b="-0.389064" m_c="0.389064" m_d="0.537214" m_tx="-0.036765" m_ty="0.147059"/>
  </frame>
  <frame idx="50" w="46" h="26" x="-2.134182" y="-2.065213">
   <element name="spiral" layername="spiral" frame="0" z_index="5" m_a="0.834769" m_b="-0.217481" m_c="0.217481" m_d="0.834769" m_tx="-0.025758" m_ty="0.103030"/>
  </frame>
  <frame idx="75" w="44" h="41" x="-1.439459" y="-2.659310">
   <element name="spiral" layername="spiral" frame="0" z_index="5" m_a="1.000000" m_b="0.000000" m_c="0.000000" m_d="1.000000" m_tx="0.535541" m_ty="-0.084302"/>
  </frame>
  <frame idx="100" w="53" h="56" x="-2.025001" y="-3.728137">
   <element name="spiral" layername="spiral" frame="1" z_index="5" m_a="1.000000" m_b="0.000000" m_c="0.000000" m_d="1.000000" m_tx="2.700017" m_ty="-0.478148"/>
  </frame>
  <frame idx="125" w="53" h="52" x="-3.465904" y="-2.283561">
   <element name="spiral" layername="spiral" frame="1" z_index="5" m_a="1.000000" m_b="0.000000" m_c="0.000000" m_d="1.000000" m_tx="1.259114" m_ty="0.466427"/>
  </frame>
  <frame idx="150" w="63" h="64" x="-4.112788" y="-4.665162">
   <element name="spiral" layername="spiral" frame="2" z_index="5" m_a="1.000000" m_b="0.000000" m_c="0.000000" m_d="1.000000" m_tx="-0.662783" m_ty="0.284833"/>
  </frame>
  <frame idx="175" w="89" h="89" x="-7.500000" y="-7.500000">
   <element name="spiral" layername="spiral" frame="3" z_index="5" m_a="1.000000" m_b="0.000000" m_c="0.000000" m_d="1.000000" m_tx="-1.868550" m_ty="-0.809182"/>
   <element name="glow" layername="glow" frame="0" z_index="4" m_a="0.769847" m_b="0.000000" m_c="0.000000" m_d="0.769847" m_tx="0.000000" m_ty="0.000000"/>
  </frame>
  <frame idx="200" w="116" h="116" x="-10.000000" y="-10.000000">
   <element name="spiral" layername="spiral" frame="4" z_index="5" m_a="1.000000" m_b="0.000000" m_c="0.000000" m_d="1.000000" m_tx="0.650012" m_ty="-1.924992"/>
   <element name="glow" layername="glow" frame="0" z_index="4" m_a="1.000000" m_b="0.000000" m_c="0.000000" m_d="1.000000" m_tx="0.000000" m_ty="0.000000"/>
  </frame>
  <frame idx="225" w="123" h="123" x="-10.500000" y="-10.500000">
   <element name="spiral" layername="spiral" frame="4" z_index="5" m_a="0.910304" m_b="-0.136416" m_c="0.136416" m_d="0.910304" m_tx="0.279841" m_ty="-1.565400"/>
   <element name="glow" layername="glow" frame="0" z_index="4" m_a="1.055412" m_b="0.000000" m_c="0.000000" m_d="1.055412" m_tx="0.000000" m_ty="0.000000"/>
  </frame>
  <frame idx="250" w="159" h="159" x="-13.524242" y="-13.524242">
   <element name="spiral" layername="spiral" frame="4" z_index="5" m_a="0.803996" m_b="-0.246506" m_c="0.246506" m_d="0.803996" m_tx="0.033688" m_ty="-1.196565"/>
   <element name="glow" layername="glow" frame="1" z_index="5" m_a="1.093847" m_b="0.000000" m_c="0.000000" m_d="1.093847" m_tx="-0.024242" m_ty="-0.024242"/>
  </frame>
  <frame idx="275" w="172" h="172" x="-14.537879" y="-14.537879">
   <element name="spiral" layername="spiral" frame="4" z_index="5" m_a="0.686841" m_b="-0.328614" m_c="0.328614" m_d="0.686841" m_tx="-0.102535" m_ty="-0.846051"/>
   <element name="glow" layername="glow" frame="2" z_index="5" m_a="1.116576" m_b="0.000000" m_c="0.000000" m_d="1.116576" m_tx="-0.037879" m_ty="-0.037879"/>
  </frame>
  <frame idx="300" w="179" h="179" x="-15.000000" y="-15.000000">
   <element name="spiral" layername="spiral" frame="4" z_index="5" m_a="0.564691" m_b="-0.382198" m_c="0.382198" m_d="0.564691" m_tx="-0.147910" m_ty="-0.535783"/>
   <element name="glow" layername="glow" frame="3" z_index="5" m_a="1.126220" m_b="0.000000" m_c="0.000000" m_d="1.126220" m_tx="0.000000" m_ty="0.000000"/>
  </frame>
  <frame idx="325" w="154" h="154" x="-13.000000" y="-13.000000">
   <element name="spiral" layername="spiral" frame="4" z_index="5" m_a="0.443283" m_b="-0.407819" m_c="0.407819" m_d="0.443283" m_tx="-0.124971" m_ty="-0.281275"/>
   <element name="glow" layername="glow" frame="3" z_index="5" m_a="0.965764" m_b="0.000000" m_c="0.000000" m_d="0.965764" m_tx="0.000000" m_ty="0.000000"/>
  </frame>
 </anim>
</Anims>
