<Anims>
 <anim name="idle_90s" root="healingpill" numframes="125" framerate="40">
  <frame idx="0" w="189" h="219" x="-6.944176" y="-41.289246">
   <element name="healingpill01" layername="healingpil" frame="0" z_index="0" m_a="0.889969" m_b="0.000000" m_c="0.000000" m_d="0.797928" m_tx="0.000000" m_ty="15.850000"/>
  </frame>
  <frame idx="25" w="189" h="219" x="-6.944176" y="-41.289246">
   <element name="healingpill01" layername="healingpil" frame="0" z_index="0" m_a="0.889969" m_b="0.000000" m_c="0.000000" m_d="0.797928" m_tx="0.000000" m_ty="15.850000"/>
  </frame>
  <frame idx="50" w="189" h="219" x="-6.944176" y="-41.289246">
   <element name="healingpill01" layername="healingpil" frame="0" z_index="0" m_a="0.889969" m_b="0.000000" m_c="0.000000" m_d="0.797928" m_tx="0.000000" m_ty="15.850000"/>
  </frame>
  <frame idx="75" w="189" h="219" x="-6.944176" y="-41.289246">
   <element name="healingpill01" layername="healingpil" frame="0" z_index="0" m_a="0.889969" m_b="0.000000" m_c="0.000000" m_d="0.797928" m_tx="0.000000" m_ty="15.850000"/>
  </frame>
  <frame idx="100" w="189" h="219" x="-6.944176" y="-41.289246">
   <element name="healingpill01" layername="healingpil" frame="0" z_index="0" m_a="0.889969" m_b="0.000000" m_c="0.000000" m_d="0.797928" m_tx="0.000000" m_ty="15.850000"/>
  </frame>
 </anim>
</Anims>
