<Anims>
 <anim name="BUILD" root="swap_icepillow" numframes="1000" framerate="40">
  <frame idx="0" w="199" h="549" x="11.729513" y="-98.295410">
   <element name="icepillow" layername="icepillow" frame="0" z_index="0" m_a="0.931450" m_b="0.363869" m_c="-0.363869" m_d="0.931450" m_tx="20.030001" m_ty="39.682800"/>
  </frame>
  <frame idx="25" w="199" h="549" x="11.729513" y="-98.295410">
   <element name="icepillow" layername="icepillow" frame="0" z_index="0" m_a="0.931450" m_b="0.363869" m_c="-0.363869" m_d="0.931450" m_tx="20.030001" m_ty="39.682800"/>
  </frame>
  <frame idx="50" w="199" h="549" x="11.729513" y="-98.295410">
   <element name="icepillow" layername="icepillow" frame="0" z_index="0" m_a="0.931450" m_b="0.363869" m_c="-0.363869" m_d="0.931450" m_tx="20.030001" m_ty="39.682800"/>
  </frame>
  <frame idx="75" w="199" h="549" x="11.729513" y="-98.295410">
   <element name="icepillow" layername="icepillow" frame="0" z_index="0" m_a="0.931450" m_b="0.363869" m_c="-0.363869" m_d="0.931450" m_tx="20.030001" m_ty="39.682800"/>
  </frame>
  <frame idx="100" w="199" h="549" x="11.729513" y="-98.295410">
   <element name="icepillow" layername="icepillow" frame="0" z_index="0" m_a="0.931450" m_b="0.363869" m_c="-0.363869" m_d="0.931450" m_tx="20.030001" m_ty="39.682800"/>
  </frame>
  <frame idx="125" w="199" h="549" x="11.729513" y="-98.295410">
   <element name="icepillow" layername="icepillow" frame="0" z_index="0" m_a="0.931450" m_b="0.363869" m_c="-0.363869" m_d="0.931450" m_tx="20.030001" m_ty="39.682800"/>
  </frame>
  <frame idx="150" w="199" h="549" x="11.729513" y="-98.295410">
   <element name="icepillow" layername="icepillow" frame="0" z_index="0" m_a="0.931450" m_b="0.363869" m_c="-0.363869" m_d="0.931450" m_tx="20.030001" m_ty="39.682800"/>
  </frame>
  <frame idx="175" w="199" h="549" x="11.729513" y="-98.295410">
   <element name="icepillow" layername="icepillow" frame="0" z_index="0" m_a="0.931450" m_b="0.363869" m_c="-0.363869" m_d="0.931450" m_tx="20.030001" m_ty="39.682800"/>
  </frame>
  <frame idx="200" w="199" h="549" x="11.729513" y="-98.295410">
   <element name="icepillow" layername="icepillow" frame="0" z_index="0" m_a="0.931450" m_b="0.363869" m_c="-0.363869" m_d="0.931450" m_tx="20.030001" m_ty="39.682800"/>
  </frame>
  <frame idx="225" w="199" h="549" x="11.729513" y="-98.295410">
   <element name="icepillow" layername="icepillow" frame="0" z_index="0" m_a="0.931450" m_b="0.363869" m_c="-0.363869" m_d="0.931450" m_tx="20.030001" m_ty="39.682800"/>
  </frame>
  <frame idx="250" w="199" h="549" x="11.729513" y="-98.295410">
   <element name="icepillow" layername="icepillow" frame="0" z_index="0" m_a="0.931450" m_b="0.363869" m_c="-0.363869" m_d="0.931450" m_tx="20.030001" m_ty="39.682800"/>
  </frame>
  <frame idx="275" w="199" h="549" x="11.729513" y="-98.295410">
   <element name="icepillow" layername="icepillow" frame="0" z_index="0" m_a="0.931450" m_b="0.363869" m_c="-0.363869" m_d="0.931450" m_tx="20.030001" m_ty="39.682800"/>
  </frame>
  <frame idx="300" w="199" h="549" x="11.729513" y="-98.295410">
   <element name="icepillow" layername="icepillow" frame="0" z_index="0" m_a="0.931450" m_b="0.363869" m_c="-0.363869" m_d="0.931450" m_tx="20.030001" m_ty="39.682800"/>
  </frame>
  <frame idx="325" w="199" h="549" x="11.729513" y="-98.295410">
   <element name="icepillow" layername="icepillow" frame="0" z_index="0" m_a="0.931450" m_b="0.363869" m_c="-0.363869" m_d="0.931450" m_tx="20.030001" m_ty="39.682800"/>
  </frame>
  <frame idx="350" w="199" h="549" x="11.729513" y="-98.295410">
   <element name="icepillow" layername="icepillow" frame="0" z_index="0" m_a="0.931450" m_b="0.363869" m_c="-0.363869" m_d="0.931450" m_tx="20.030001" m_ty="39.682800"/>
  </frame>
  <frame idx="375" w="199" h="549" x="11.729513" y="-98.295410">
   <element name="icepillow" layername="icepillow" frame="0" z_index="0" m_a="0.931450" m_b="0.363869" m_c="-0.363869" m_d="0.931450" m_tx="20.030001" m_ty="39.682800"/>
  </frame>
  <frame idx="400" w="199" h="549" x="11.729513" y="-98.295410">
   <element name="icepillow" layername="icepillow" frame="0" z_index="0" m_a="0.931450" m_b="0.363869" m_c="-0.363869" m_d="0.931450" m_tx="20.030001" m_ty="39.682800"/>
  </frame>
  <frame idx="425" w="199" h="549" x="11.729513" y="-98.295410">
   <element name="icepillow" layername="icepillow" frame="0" z_index="0" m_a="0.931450" m_b="0.363869" m_c="-0.363869" m_d="0.931450" m_tx="20.030001" m_ty="39.682800"/>
  </frame>
  <frame idx="450" w="199" h="549" x="11.729513" y="-98.295410">
   <element name="icepillow" layername="icepillow" frame="0" z_index="0" m_a="0.931450" m_b="0.363869" m_c="-0.363869" m_d="0.931450" m_tx="20.030001" m_ty="39.682800"/>
  </frame>
  <frame idx="475" w="199" h="549" x="11.729513" y="-98.295410">
   <element name="icepillow" layername="icepillow" frame="0" z_index="0" m_a="0.931450" m_b="0.363869" m_c="-0.363869" m_d="0.931450" m_tx="20.030001" m_ty="39.682800"/>
  </frame>
  <frame idx="500" w="199" h="549" x="11.729513" y="-98.295410">
   <element name="icepillow" layername="icepillow" frame="0" z_index="0" m_a="0.931450" m_b="0.363869" m_c="-0.363869" m_d="0.931450" m_tx="20.030001" m_ty="39.682800"/>
  </frame>
  <frame idx="525" w="199" h="549" x="11.729513" y="-98.295410">
   <element name="icepillow" layername="icepillow" frame="0" z_index="0" m_a="0.931450" m_b="0.363869" m_c="-0.363869" m_d="0.931450" m_tx="20.030001" m_ty="39.682800"/>
  </frame>
  <frame idx="550" w="199" h="549" x="11.729513" y="-98.295410">
   <element name="icepillow" layername="icepillow" frame="0" z_index="0" m_a="0.931450" m_b="0.363869" m_c="-0.363869" m_d="0.931450" m_tx="20.030001" m_ty="39.682800"/>
  </frame>
  <frame idx="575" w="199" h="549" x="11.729513" y="-98.295410">
   <element name="icepillow" layername="icepillow" frame="0" z_index="0" m_a="0.931450" m_b="0.363869" m_c="-0.363869" m_d="0.931450" m_tx="20.030001" m_ty="39.682800"/>
  </frame>
  <frame idx="600" w="199" h="549" x="11.729513" y="-98.295410">
   <element name="icepillow" layername="icepillow" frame="0" z_index="0" m_a="0.931450" m_b="0.363869" m_c="-0.363869" m_d="0.931450" m_tx="20.030001" m_ty="39.682800"/>
  </frame>
  <frame idx="625" w="199" h="549" x="11.729513" y="-98.295410">
   <element name="icepillow" layername="icepillow" frame="0" z_index="0" m_a="0.931450" m_b="0.363869" m_c="-0.363869" m_d="0.931450" m_tx="20.030001" m_ty="39.682800"/>
  </frame>
  <frame idx="650" w="199" h="549" x="11.729513" y="-98.295410">
   <element name="icepillow" layername="icepillow" frame="0" z_index="0" m_a="0.931450" m_b="0.363869" m_c="-0.363869" m_d="0.931450" m_tx="20.030001" m_ty="39.682800"/>
  </frame>
  <frame idx="675" w="199" h="549" x="11.729513" y="-98.295410">
   <element name="icepillow" layername="icepillow" frame="0" z_index="0" m_a="0.931450" m_b="0.363869" m_c="-0.363869" m_d="0.931450" m_tx="20.030001" m_ty="39.682800"/>
  </frame>
  <frame idx="700" w="199" h="549" x="11.729513" y="-98.295410">
   <element name="icepillow" layername="icepillow" frame="0" z_index="0" m_a="0.931450" m_b="0.363869" m_c="-0.363869" m_d="0.931450" m_tx="20.030001" m_ty="39.682800"/>
  </frame>
  <frame idx="725" w="199" h="549" x="11.729513" y="-98.295410">
   <element name="icepillow" layername="icepillow" frame="0" z_index="0" m_a="0.931450" m_b="0.363869" m_c="-0.363869" m_d="0.931450" m_tx="20.030001" m_ty="39.682800"/>
  </frame>
  <frame idx="750" w="199" h="549" x="11.729513" y="-98.295410">
   <element name="icepillow" layername="icepillow" frame="0" z_index="0" m_a="0.931450" m_b="0.363869" m_c="-0.363869" m_d="0.931450" m_tx="20.030001" m_ty="39.682800"/>
  </frame>
  <frame idx="775" w="199" h="549" x="11.729513" y="-98.295410">
   <element name="icepillow" layername="icepillow" frame="0" z_index="0" m_a="0.931450" m_b="0.363869" m_c="-0.363869" m_d="0.931450" m_tx="20.030001" m_ty="39.682800"/>
  </frame>
  <frame idx="800" w="199" h="549" x="11.729513" y="-98.295410">
   <element name="icepillow" layername="icepillow" frame="0" z_index="0" m_a="0.931450" m_b="0.363869" m_c="-0.363869" m_d="0.931450" m_tx="20.030001" m_ty="39.682800"/>
  </frame>
  <frame idx="825" w="199" h="549" x="11.729513" y="-98.295410">
   <element name="icepillow" layername="icepillow" frame="0" z_index="0" m_a="0.931450" m_b="0.363869" m_c="-0.363869" m_d="0.931450" m_tx="20.030001" m_ty="39.682800"/>
  </frame>
  <frame idx="850" w="199" h="549" x="11.729513" y="-98.295410">
   <element name="icepillow" layername="icepillow" frame="0" z_index="0" m_a="0.931450" m_b="0.363869" m_c="-0.363869" m_d="0.931450" m_tx="20.030001" m_ty="39.682800"/>
  </frame>
  <frame idx="875" w="199" h="549" x="11.729513" y="-98.295410">
   <element name="icepillow" layername="icepillow" frame="0" z_index="0" m_a="0.931450" m_b="0.363869" m_c="-0.363869" m_d="0.931450" m_tx="20.030001" m_ty="39.682800"/>
  </frame>
  <frame idx="900" w="199" h="549" x="11.729513" y="-98.295410">
   <element name="icepillow" layername="icepillow" frame="0" z_index="0" m_a="0.931450" m_b="0.363869" m_c="-0.363869" m_d="0.931450" m_tx="20.030001" m_ty="39.682800"/>
  </frame>
  <frame idx="925" w="199" h="549" x="11.729513" y="-98.295410">
   <element name="icepillow" layername="icepillow" frame="0" z_index="0" m_a="0.931450" m_b="0.363869" m_c="-0.363869" m_d="0.931450" m_tx="20.030001" m_ty="39.682800"/>
  </frame>
  <frame idx="950" w="199" h="549" x="11.729513" y="-98.295410">
   <element name="icepillow" layername="icepillow" frame="0" z_index="0" m_a="0.931450" m_b="0.363869" m_c="-0.363869" m_d="0.931450" m_tx="20.030001" m_ty="39.682800"/>
  </frame>
  <frame idx="975" w="199" h="549" x="11.729513" y="-98.295410">
   <element name="icepillow" layername="icepillow" frame="0" z_index="0" m_a="0.931450" m_b="0.363869" m_c="-0.363869" m_d="0.931450" m_tx="20.030001" m_ty="39.682800"/>
  </frame>
 </anim>
</Anims>
