<Anims>
 <anim name="anim_90s" root="beaver_meter" numframes="750" framerate="40">
  <frame idx="0" w="98" h="103" x="-8.549503" y="-9.049503">
   <element name="frame_circle" layername="frame_circle" frame="0" z_index="0" m_a="1.000000" m_b="0.000000" m_c="0.000000" m_d="1.000000" m_tx="0.500000" m_ty="-0.649000"/>
   <element name="log" layername="log" frame="0" z_index="1" m_a="1.000000" m_b="0.000000" m_c="0.000000" m_d="1.000000" m_tx="0.000000" m_ty="0.000000"/>
   <element name="beaver_level" layername="beaver_level" frame="0" z_index="2" m_a="1.000000" m_b="0.000000" m_c="0.000000" m_d="1.000000" m_tx="0.000000" m_ty="0.000000"/>
   <element name="bg" layername="bg" frame="0" z_index="3" m_a="1.000000" m_b="0.000000" m_c="0.000000" m_d="1.000000" m_tx="-86.549004" m_ty="-87.598999"/>
   <element name="bg2" layername="bg2" frame="0" z_index="4" m_a="1.000000" m_b="0.000000" m_c="0.000000" m_d="1.000000" m_tx="-86.749001" m_ty="-87.749001"/>
  </frame>
  <frame idx="25" w="98" h="104" x="-8.549503" y="-10.277704">
   <element name="frame_circle" layername="frame_circle" frame="0" z_index="0" m_a="1.000000" m_b="0.000000" m_c="0.000000" m_d="1.000000" m_tx="0.500000" m_ty="-0.649000"/>
   <element name="log" layername="log" frame="0" z_index="1" m_a="1.000000" m_b="0.000000" m_c="0.000000" m_d="1.000000" m_tx="0.000000" m_ty="0.000000"/>
   <element name="beaver_level" layername="beaver_level" frame="0" z_index="2" m_a="1.000000" m_b="0.000000" m_c="0.000000" m_d="1.000000" m_tx="0.000000" m_ty="-1.228201"/>
   <element name="bg" layername="bg" frame="0" z_index="3" m_a="1.000000" m_b="0.000000" m_c="0.000000" m_d="1.000000" m_tx="-86.549004" m_ty="-87.598999"/>
   <element name="bg2" layername="bg2" frame="0" z_index="4" m_a="1.000000" m_b="0.000000" m_c="0.000000" m_d="1.000000" m_tx="-86.749001" m_ty="-87.749001"/>
  </frame>
  <frame idx="50" w="98" h="104" x="-8.549503" y="-9.716505">
   <element name="frame_circle" layername="frame_circle" frame="0" z_index="0" m_a="1.000000" m_b="0.000000" m_c="0.000000" m_d="1.000000" m_tx="0.500000" m_ty="-0.649000"/>
   <element name="log" layername="log" frame="0" z_index="1" m_a="1.000000" m_b="0.000000" m_c="0.000000" m_d="1.000000" m_tx="0.000000" m_ty="0.000000"/>
   <element name="beaver_level" layername="beaver_level" frame="1" z_index="2" m_a="1.000000" m_b="0.000000" m_c="0.000000" m_d="1.000000" m_tx="0.000000" m_ty="-2.242010"/>
   <element name="bg" layername="bg" frame="0" z_index="3" m_a="1.000000" m_b="0.000000" m_c="0.000000" m_d="1.000000" m_tx="-86.549004" m_ty="-87.598999"/>
   <element name="bg2" layername="bg2" frame="0" z_index="4" m_a="1.000000" m_b="0.000000" m_c="0.000000" m_d="1.000000" m_tx="-86.749001" m_ty="-87.749001"/>
  </frame>
  <frame idx="75" w="98" h="103" x="-8.549503" y="-9.334591">
   <element name="frame_circle" layername="frame_circle" frame="0" z_index="0" m_a="1.000000" m_b="0.000000" m_c="0.000000" m_d="1.000000" m_tx="0.500000" m_ty="-0.649000"/>
   <element name="log" layername="log" frame="0" z_index="1" m_a="1.000000" m_b="0.000000" m_c="0.000000" m_d="1.000000" m_tx="0.000000" m_ty="0.000000"/>
   <element name="beaver_level" layername="beaver_level" frame="2" z_index="2" m_a="1.000000" m_b="0.000000" m_c="0.000000" m_d="1.000000" m_tx="0.000000" m_ty="-3.060089"/>
   <element name="bg" layername="bg" frame="0" z_index="3" m_a="1.000000" m_b="0.000000" m_c="0.000000" m_d="1.000000" m_tx="-86.549004" m_ty="-87.598999"/>
   <element name="bg2" layername="bg2" frame="0" z_index="4" m_a="1.000000" m_b="0.000000" m_c="0.000000" m_d="1.000000" m_tx="-86.749001" m_ty="-87.749001"/>
  </frame>
  <frame idx="100" w="98" h="103" x="-8.549503" y="-9.043680">
   <element name="frame_circle" layername="frame_circle" frame="0" z_index="0" m_a="1.000000" m_b="0.000000" m_c="0.000000" m_d="1.000000" m_tx="0.500000" m_ty="-0.649000"/>
   <element name="log" layername="log" frame="0" z_index="1" m_a="1.000000" m_b="0.000000" m_c="0.000000" m_d="1.000000" m_tx="0.000000" m_ty="0.000000"/>
   <element name="beaver_level" layername="beaver_level" frame="3" z_index="2" m_a="1.000000" m_b="0.000000" m_c="0.000000" m_d="1.000000" m_tx="0.000000" m_ty="-3.969179"/>
   <element name="bg" layername="bg" frame="0" z_index="3" m_a="1.000000" m_b="0.000000" m_c="0.000000" m_d="1.000000" m_tx="-86.549004" m_ty="-87.598999"/>
   <element name="bg2" layername="bg2" frame="0" z_index="4" m_a="1.000000" m_b="0.000000" m_c="0.000000" m_d="1.000000" m_tx="-86.749001" m_ty="-87.749001"/>
  </frame>
  <frame idx="125" w="98" h="104" x="-8.549503" y="-10.195240">
   <element name="frame_circle" layername="frame_circle" frame="0" z_index="0" m_a="1.000000" m_b="0.000000" m_c="0.000000" m_d="1.000000" m_tx="0.500000" m_ty="-0.649000"/>
   <element name="log" layername="log" frame="0" z_index="1" m_a="1.000000" m_b="0.000000" m_c="0.000000" m_d="1.000000" m_tx="0.000000" m_ty="0.000000"/>
   <element name="beaver_level" layername="beaver_level" frame="3" z_index="2" m_a="1.000000" m_b="0.000000" m_c="0.000000" m_d="1.000000" m_tx="0.000000" m_ty="-5.120739"/>
   <element name="bg" layername="bg" frame="0" z_index="3" m_a="1.000000" m_b="0.000000" m_c="0.000000" m_d="1.000000" m_tx="-86.549004" m_ty="-87.598999"/>
   <element name="bg2" layername="bg2" frame="0" z_index="4" m_a="1.000000" m_b="0.000000" m_c="0.000000" m_d="1.000000" m_tx="-86.749001" m_ty="-87.749001"/>
  </frame>
  <frame idx="150" w="98" h="104" x="-8.549503" y="-9.622571">
   <element name="frame_circle" layername="frame_circle" frame="0" z_index="0" m_a="1.000000" m_b="0.000000" m_c="0.000000" m_d="1.000000" m_tx="0.500000" m_ty="-0.649000"/>
   <element name="log" layername="log" frame="0" z_index="1" m_a="1.000000" m_b="0.000000" m_c="0.000000" m_d="1.000000" m_tx="0.000000" m_ty="0.000000"/>
   <element name="beaver_level" layername="beaver_level" frame="4" z_index="2" m_a="1.000000" m_b="0.000000" m_c="0.000000" m_d="1.000000" m_tx="0.000000" m_ty="-5.748082"/>
   <element name="bg" layername="bg" frame="0" z_index="3" m_a="1.000000" m_b="0.000000" m_c="0.000000" m_d="1.000000" m_tx="-86.549004" m_ty="-87.598999"/>
   <element name="bg2" layername="bg2" frame="0" z_index="4" m_a="1.000000" m_b="0.000000" m_c="0.000000" m_d="1.000000" m_tx="-86.749001" m_ty="-87.749001"/>
  </frame>
  <frame idx="175" w="98" h="103" x="-8.549503" y="-9.472017">
   <element name="frame_circle" layername="frame_circle" frame="0" z_index="0" m_a="1.000000" m_b="0.000000" m_c="0.000000" m_d="1.000000" m_tx="0.500000" m_ty="-0.649000"/>
   <element name="log" layername="log" frame="0" z_index="1" m_a="1.000000" m_b="0.000000" m_c="0.000000" m_d="1.000000" m_tx="-0.024252" m_ty="0.127259"/>
   <element name="beaver_level" layername="beaver_level" frame="5" z_index="2" m_a="1.000000" m_b="0.000000" m_c="0.000000" m_d="1.000000" m_tx="0.000000" m_ty="-6.797494"/>
   <element name="bg" layername="bg" frame="0" z_index="3" m_a="1.000000" m_b="0.000000" m_c="0.000000" m_d="1.000000" m_tx="-86.549004" m_ty="-87.598999"/>
   <element name="bg2" layername="bg2" frame="0" z_index="4" m_a="1.000000" m_b="0.000000" m_c="0.000000" m_d="1.000000" m_tx="-86.749001" m_ty="-87.749001"/>
  </frame>
  <frame idx="200" w="98" h="103" x="-8.549503" y="-9.037857">
   <element name="frame_circle" layername="frame_circle" frame="0" z_index="0" m_a="1.000000" m_b="0.000000" m_c="0.000000" m_d="1.000000" m_tx="0.500000" m_ty="-0.649000"/>
   <element name="log" layername="log" frame="1" z_index="1" m_a="1.000000" m_b="0.000000" m_c="0.000000" m_d="1.000000" m_tx="-0.100040" m_ty="0.487449"/>
   <element name="beaver_level" layername="beaver_level" frame="6" z_index="2" m_a="1.000000" m_b="0.000000" m_c="0.000000" m_d="1.000000" m_tx="0.000000" m_ty="-7.563347"/>
   <element name="bg" layername="bg" frame="0" z_index="3" m_a="1.000000" m_b="0.000000" m_c="0.000000" m_d="1.000000" m_tx="-86.549004" m_ty="-87.598999"/>
   <element name="bg2" layername="bg2" frame="0" z_index="4" m_a="1.000000" m_b="0.000000" m_c="0.000000" m_d="1.000000" m_tx="-86.749001" m_ty="-87.749001"/>
  </frame>
  <frame idx="225" w="98" h="104" x="-8.549503" y="-10.454859">
   <element name="frame_circle" layername="frame_circle" frame="0" z_index="0" m_a="1.000000" m_b="0.000000" m_c="0.000000" m_d="1.000000" m_tx="0.500000" m_ty="-0.649000"/>
   <element name="log" layername="log" frame="1" z_index="1" m_a="1.000000" m_b="0.000000" m_c="0.000000" m_d="1.000000" m_tx="-0.100040" m_ty="0.487449"/>
   <element name="beaver_level" layername="beaver_level" frame="6" z_index="2" m_a="1.000000" m_b="0.000000" m_c="0.000000" m_d="1.000000" m_tx="0.000000" m_ty="-8.980349"/>
   <element name="bg" layername="bg" frame="0" z_index="3" m_a="1.000000" m_b="0.000000" m_c="0.000000" m_d="1.000000" m_tx="-86.549004" m_ty="-87.598999"/>
   <element name="bg2" layername="bg2" frame="0" z_index="4" m_a="1.000000" m_b="0.000000" m_c="0.000000" m_d="1.000000" m_tx="-86.749001" m_ty="-87.749001"/>
  </frame>
  <frame idx="250" w="98" h="104" x="-8.549503" y="-9.616764">
   <element name="frame_circle" layername="frame_circle" frame="0" z_index="0" m_a="1.000000" m_b="0.000000" m_c="0.000000" m_d="1.000000" m_tx="0.500000" m_ty="-0.649000"/>
   <element name="log" layername="log" frame="1" z_index="1" m_a="1.000000" m_b="0.000000" m_c="0.000000" m_d="1.000000" m_tx="-0.100040" m_ty="0.487449"/>
   <element name="beaver_level" layername="beaver_level" frame="7" z_index="2" m_a="1.000000" m_b="0.000000" m_c="0.000000" m_d="1.000000" m_tx="0.000000" m_ty="-9.342251"/>
   <element name="bg" layername="bg" frame="0" z_index="3" m_a="1.000000" m_b="0.000000" m_c="0.000000" m_d="1.000000" m_tx="-86.549004" m_ty="-87.598999"/>
   <element name="bg2" layername="bg2" frame="0" z_index="4" m_a="1.000000" m_b="0.000000" m_c="0.000000" m_d="1.000000" m_tx="-86.749001" m_ty="-87.749001"/>
  </frame>
  <frame idx="275" w="98" h="104" x="-8.549503" y="-9.571042">
   <element name="frame_circle" layername="frame_circle" frame="0" z_index="0" m_a="1.000000" m_b="0.000000" m_c="0.000000" m_d="1.000000" m_tx="0.500000" m_ty="-0.649000"/>
   <element name="log" layername="log" frame="1" z_index="1" m_a="1.000000" m_b="0.000000" m_c="0.000000" m_d="1.000000" m_tx="-0.100040" m_ty="0.487449"/>
   <element name="beaver_level" layername="beaver_level" frame="8" z_index="2" m_a="1.000000" m_b="0.000000" m_c="0.000000" m_d="1.000000" m_tx="0.000000" m_ty="-10.496533"/>
   <element name="bg" layername="bg" frame="0" z_index="3" m_a="1.000000" m_b="0.000000" m_c="0.000000" m_d="1.000000" m_tx="-86.549004" m_ty="-87.598999"/>
   <element name="bg2" layername="bg2" frame="0" z_index="4" m_a="1.000000" m_b="0.000000" m_c="0.000000" m_d="1.000000" m_tx="-86.749001" m_ty="-87.749001"/>
  </frame>
  <frame idx="300" w="98" h="103" x="-8.549503" y="-9.032033">
   <element name="frame_circle" layername="frame_circle" frame="0" z_index="0" m_a="1.000000" m_b="0.000000" m_c="0.000000" m_d="1.000000" m_tx="0.500000" m_ty="-0.649000"/>
   <element name="log" layername="log" frame="1" z_index="1" m_a="1.000000" m_b="0.000000" m_c="0.000000" m_d="1.000000" m_tx="-0.100040" m_ty="0.487449"/>
   <element name="beaver_level" layername="beaver_level" frame="9" z_index="2" m_a="1.000000" m_b="0.000000" m_c="0.000000" m_d="1.000000" m_tx="0.000000" m_ty="-11.157521"/>
   <element name="bg" layername="bg" frame="0" z_index="3" m_a="1.000000" m_b="0.000000" m_c="0.000000" m_d="1.000000" m_tx="-86.549004" m_ty="-87.598999"/>
   <element name="bg2" layername="bg2" frame="0" z_index="4" m_a="1.000000" m_b="0.000000" m_c="0.000000" m_d="1.000000" m_tx="-86.749001" m_ty="-87.749001"/>
  </frame>
  <frame idx="325" w="98" h="104" x="-8.549503" y="-9.914395">
   <element name="frame_circle" layername="frame_circle" frame="0" z_index="0" m_a="1.000000" m_b="0.000000" m_c="0.000000" m_d="1.000000" m_tx="0.500000" m_ty="-0.649000"/>
   <element name="log" layername="log" frame="1" z_index="1" m_a="1.000000" m_b="0.000000" m_c="0.000000" m_d="1.000000" m_tx="-0.100040" m_ty="0.487449"/>
   <element name="beaver_level" layername="beaver_level" frame="9" z_index="2" m_a="1.000000" m_b="0.000000" m_c="0.000000" m_d="1.000000" m_tx="0.000000" m_ty="-12.039884"/>
   <element name="bg" layername="bg" frame="0" z_index="3" m_a="1.000000" m_b="0.000000" m_c="0.000000" m_d="1.000000" m_tx="-86.549004" m_ty="-87.598999"/>
   <element name="bg2" layername="bg2" frame="0" z_index="4" m_a="1.000000" m_b="0.000000" m_c="0.000000" m_d="1.000000" m_tx="-86.749001" m_ty="-87.749001"/>
  </frame>
  <frame idx="350" w="98" h="104" x="-8.549503" y="-10.269643">
   <element name="frame_circle" layername="frame_circle" frame="0" z_index="0" m_a="1.000000" m_b="0.000000" m_c="0.000000" m_d="1.000000" m_tx="0.500000" m_ty="-0.649000"/>
   <element name="log" layername="log" frame="1" z_index="1" m_a="1.000000" m_b="0.000000" m_c="0.000000" m_d="1.000000" m_tx="-0.100040" m_ty="0.487449"/>
   <element name="beaver_level" layername="beaver_level" frame="10" z_index="2" m_a="1.000000" m_b="0.000000" m_c="0.000000" m_d="1.000000" m_tx="0.000000" m_ty="-13.595143"/>
   <element name="bg" layername="bg" frame="0" z_index="3" m_a="1.000000" m_b="0.000000" m_c="0.000000" m_d="1.000000" m_tx="-86.549004" m_ty="-87.598999"/>
   <element name="bg2" layername="bg2" frame="0" z_index="4" m_a="1.000000" m_b="0.000000" m_c="0.000000" m_d="1.000000" m_tx="-86.749001" m_ty="-87.749001"/>
  </frame>
  <frame idx="375" w="98" h="104" x="-8.549503" y="-9.716537">
   <element name="frame_circle" layername="frame_circle" frame="0" z_index="0" m_a="1.000000" m_b="0.000000" m_c="0.000000" m_d="1.000000" m_tx="0.500000" m_ty="-0.649000"/>
   <element name="log" layername="log" frame="1" z_index="1" m_a="1.000000" m_b="0.000000" m_c="0.000000" m_d="1.000000" m_tx="-0.100040" m_ty="0.487449"/>
   <element name="beaver_level" layername="beaver_level" frame="11" z_index="2" m_a="1.000000" m_b="0.000000" m_c="0.000000" m_d="1.000000" m_tx="0.000000" m_ty="-14.242058"/>
   <element name="bg" layername="bg" frame="0" z_index="3" m_a="1.000000" m_b="0.000000" m_c="0.000000" m_d="1.000000" m_tx="-86.549004" m_ty="-87.598999"/>
   <element name="bg2" layername="bg2" frame="0" z_index="4" m_a="1.000000" m_b="0.000000" m_c="0.000000" m_d="1.000000" m_tx="-86.749001" m_ty="-87.749001"/>
  </frame>
  <frame idx="400" w="98" h="103" x="-8.549503" y="-9.026210">
   <element name="frame_circle" layername="frame_circle" frame="0" z_index="0" m_a="1.000000" m_b="0.000000" m_c="0.000000" m_d="1.000000" m_tx="0.500000" m_ty="-0.649000"/>
   <element name="log" layername="log" frame="1" z_index="1" m_a="1.000000" m_b="0.000000" m_c="0.000000" m_d="1.000000" m_tx="-0.100040" m_ty="0.487449"/>
   <element name="beaver_level" layername="beaver_level" frame="12" z_index="2" m_a="1.000000" m_b="0.000000" m_c="0.000000" m_d="1.000000" m_tx="0.000000" m_ty="-14.751216"/>
   <element name="bg" layername="bg" frame="0" z_index="3" m_a="1.000000" m_b="0.000000" m_c="0.000000" m_d="1.000000" m_tx="-86.549004" m_ty="-87.598999"/>
   <element name="bg2" layername="bg2" frame="0" z_index="4" m_a="1.000000" m_b="0.000000" m_c="0.000000" m_d="1.000000" m_tx="-86.749001" m_ty="-87.749001"/>
  </frame>
  <frame idx="425" w="98" h="104" x="-8.549503" y="-9.908554">
   <element name="frame_circle" layername="frame_circle" frame="0" z_index="0" m_a="1.000000" m_b="0.000000" m_c="0.000000" m_d="1.000000" m_tx="0.500000" m_ty="-0.649000"/>
   <element name="log" layername="log" frame="1" z_index="1" m_a="1.000000" m_b="0.000000" m_c="0.000000" m_d="1.000000" m_tx="-0.138864" m_ty="0.746303"/>
   <element name="beaver_level" layername="beaver_level" frame="12" z_index="2" m_a="1.000000" m_b="0.000000" m_c="0.000000" m_d="1.000000" m_tx="0.000000" m_ty="-15.633560"/>
   <element name="bg" layername="bg" frame="0" z_index="3" m_a="1.000000" m_b="0.000000" m_c="0.000000" m_d="1.000000" m_tx="-86.549004" m_ty="-87.598999"/>
   <element name="bg2" layername="bg2" frame="0" z_index="4" m_a="1.000000" m_b="0.000000" m_c="0.000000" m_d="1.000000" m_tx="-86.749001" m_ty="-87.749001"/>
  </frame>
  <frame idx="450" w="98" h="105" x="-8.548019" y="-10.645973">
   <element name="frame_circle" layername="frame_circle" frame="0" z_index="0" m_a="1.000000" m_b="0.000000" m_c="0.000000" m_d="1.000000" m_tx="0.500000" m_ty="-0.649000"/>
   <element name="log" layername="log" frame="2" z_index="1" m_a="1.000000" m_b="0.000000" m_c="0.000000" m_d="1.000000" m_tx="-0.137557" m_ty="0.774914"/>
   <element name="beaver_level" layername="beaver_level" frame="13" z_index="2" m_a="1.000000" m_b="0.000000" m_c="0.000000" m_d="1.000000" m_tx="0.001484" m_ty="-17.570969"/>
   <element name="bg" layername="bg" frame="0" z_index="3" m_a="1.000000" m_b="0.000000" m_c="0.000000" m_d="1.000000" m_tx="-86.549004" m_ty="-87.598999"/>
   <element name="bg2" layername="bg2" frame="0" z_index="4" m_a="1.000000" m_b="0.000000" m_c="0.000000" m_d="1.000000" m_tx="-86.749001" m_ty="-87.749001"/>
  </frame>
  <frame idx="475" w="98" h="103" x="-8.546593" y="-9.314205">
   <element name="frame_circle" layername="frame_circle" frame="0" z_index="0" m_a="1.000000" m_b="0.000000" m_c="0.000000" m_d="1.000000" m_tx="0.500000" m_ty="-0.649000"/>
   <element name="log" layername="log" frame="2" z_index="1" m_a="1.000000" m_b="0.000000" m_c="0.000000" m_d="1.000000" m_tx="-0.137557" m_ty="0.774914"/>
   <element name="beaver_level" layername="beaver_level" frame="14" z_index="2" m_a="1.000000" m_b="0.000000" m_c="0.000000" m_d="1.000000" m_tx="0.002880" m_ty="-17.439323"/>
   <element name="bg" layername="bg" frame="0" z_index="3" m_a="1.000000" m_b="0.000000" m_c="0.000000" m_d="1.000000" m_tx="-86.549004" m_ty="-87.598999"/>
   <element name="bg2" layername="bg2" frame="0" z_index="4" m_a="1.000000" m_b="0.000000" m_c="0.000000" m_d="1.000000" m_tx="-86.749001" m_ty="-87.749001"/>
  </frame>
  <frame idx="500" w="98" h="103" x="-8.546593" y="-9.023296">
   <element name="frame_circle" layername="frame_circle" frame="0" z_index="0" m_a="1.000000" m_b="0.000000" m_c="0.000000" m_d="1.000000" m_tx="0.500000" m_ty="-0.649000"/>
   <element name="log" layername="log" frame="2" z_index="1" m_a="1.000000" m_b="0.000000" m_c="0.000000" m_d="1.000000" m_tx="-0.137557" m_ty="0.774914"/>
   <element name="beaver_level" layername="beaver_level" frame="15" z_index="2" m_a="1.000000" m_b="0.000000" m_c="0.000000" m_d="1.000000" m_tx="0.002880" m_ty="-18.348415"/>
   <element name="bg" layername="bg" frame="0" z_index="3" m_a="1.000000" m_b="0.000000" m_c="0.000000" m_d="1.000000" m_tx="-86.549004" m_ty="-87.598999"/>
   <element name="bg2" layername="bg2" frame="0" z_index="4" m_a="1.000000" m_b="0.000000" m_c="0.000000" m_d="1.000000" m_tx="-86.749001" m_ty="-87.749001"/>
  </frame>
  <frame idx="525" w="98" h="106" x="-8.544147" y="-11.956472">
   <element name="frame_circle" layername="frame_circle" frame="0" z_index="0" m_a="1.000000" m_b="0.000000" m_c="0.000000" m_d="1.000000" m_tx="0.500000" m_ty="-0.649000"/>
   <element name="log" layername="log" frame="2" z_index="1" m_a="1.000000" m_b="0.000000" m_c="0.000000" m_d="1.000000" m_tx="-0.137557" m_ty="0.774914"/>
   <element name="beaver_level" layername="beaver_level" frame="15" z_index="2" m_a="1.000000" m_b="0.000000" m_c="0.000000" m_d="1.000000" m_tx="0.005326" m_ty="-21.281591"/>
   <element name="bg" layername="bg" frame="0" z_index="3" m_a="1.000000" m_b="0.000000" m_c="0.000000" m_d="1.000000" m_tx="-86.549004" m_ty="-87.598999"/>
   <element name="bg2" layername="bg2" frame="0" z_index="4" m_a="1.000000" m_b="0.000000" m_c="0.000000" m_d="1.000000" m_tx="-86.749001" m_ty="-87.749001"/>
  </frame>
  <frame idx="550" w="98" h="105" x="-8.531550" y="-11.276947">
   <element name="frame_circle" layername="frame_circle" frame="0" z_index="0" m_a="1.000000" m_b="0.000000" m_c="0.000000" m_d="1.000000" m_tx="0.500000" m_ty="-0.649000"/>
   <element name="log" layername="log" frame="2" z_index="1" m_a="1.000000" m_b="0.000000" m_c="0.000000" m_d="1.000000" m_tx="-0.137557" m_ty="0.774914"/>
   <element name="beaver_level" layername="beaver_level" frame="16" z_index="2" m_a="1.000000" m_b="0.000000" m_c="0.000000" m_d="1.000000" m_tx="0.017949" m_ty="-21.801907"/>
   <element name="bg" layername="bg" frame="0" z_index="3" m_a="1.000000" m_b="0.000000" m_c="0.000000" m_d="1.000000" m_tx="-86.549004" m_ty="-87.598999"/>
   <element name="bg2" layername="bg2" frame="0" z_index="4" m_a="1.000000" m_b="0.000000" m_c="0.000000" m_d="1.000000" m_tx="-86.749001" m_ty="-87.749001"/>
  </frame>
  <frame idx="575" w="98" h="103" x="-8.548887" y="-9.308382">
   <element name="frame_circle" layername="frame_circle" frame="0" z_index="0" m_a="1.000000" m_b="0.000000" m_c="0.000000" m_d="1.000000" m_tx="0.500000" m_ty="-0.649000"/>
   <element name="log" layername="log" frame="2" z_index="1" m_a="1.000000" m_b="0.000000" m_c="0.000000" m_d="1.000000" m_tx="-0.137557" m_ty="0.774914"/>
   <element name="beaver_level" layername="beaver_level" frame="17" z_index="2" m_a="1.000000" m_b="0.000000" m_c="0.000000" m_d="1.000000" m_tx="0.025631" m_ty="-21.033342"/>
   <element name="bg" layername="bg" frame="0" z_index="3" m_a="1.000000" m_b="0.000000" m_c="0.000000" m_d="1.000000" m_tx="-86.549004" m_ty="-87.598999"/>
   <element name="bg2" layername="bg2" frame="0" z_index="4" m_a="1.000000" m_b="0.000000" m_c="0.000000" m_d="1.000000" m_tx="-86.749001" m_ty="-87.749001"/>
  </frame>
  <frame idx="600" w="98" h="103" x="-8.540768" y="-9.017471">
   <element name="frame_circle" layername="frame_circle" frame="0" z_index="0" m_a="1.000000" m_b="0.000000" m_c="0.000000" m_d="1.000000" m_tx="0.500000" m_ty="-0.649000"/>
   <element name="log" layername="log" frame="2" z_index="1" m_a="1.000000" m_b="0.000000" m_c="0.000000" m_d="1.000000" m_tx="-0.137557" m_ty="0.774914"/>
   <element name="beaver_level" layername="beaver_level" frame="18" z_index="2" m_a="1.000000" m_b="0.000000" m_c="0.000000" m_d="1.000000" m_tx="0.008735" m_ty="-21.942432"/>
   <element name="bg" layername="bg" frame="0" z_index="3" m_a="1.000000" m_b="0.000000" m_c="0.000000" m_d="1.000000" m_tx="-86.549004" m_ty="-87.598999"/>
   <element name="bg2" layername="bg2" frame="0" z_index="4" m_a="1.000000" m_b="0.000000" m_c="0.000000" m_d="1.000000" m_tx="-86.749001" m_ty="-87.749001"/>
  </frame>
  <frame idx="625" w="98" h="107" x="-8.699633" y="-13.300589">
   <element name="frame_circle" layername="frame_circle" frame="0" z_index="0" m_a="1.000000" m_b="0.000000" m_c="0.000000" m_d="1.000000" m_tx="0.500000" m_ty="-0.649000"/>
   <element name="log" layername="log" frame="2" z_index="1" m_a="1.000000" m_b="0.000000" m_c="0.000000" m_d="1.000000" m_tx="-0.450121" m_ty="1.467207"/>
   <element name="beaver_level" layername="beaver_level" frame="18" z_index="2" m_a="1.000000" m_b="0.000000" m_c="0.000000" m_d="1.000000" m_tx="0.031342" m_ty="-26.225550"/>
   <element name="bg" layername="bg" frame="0" z_index="3" m_a="1.000000" m_b="0.000000" m_c="0.000000" m_d="1.000000" m_tx="-86.549004" m_ty="-87.598999"/>
   <element name="bg2" layername="bg2" frame="0" z_index="4" m_a="1.000000" m_b="0.000000" m_c="0.000000" m_d="1.000000" m_tx="-86.749001" m_ty="-87.749001"/>
  </frame>
  <frame idx="650" w="98" h="104" x="-8.545623" y="-9.596378">
   <element name="frame_circle" layername="frame_circle" frame="0" z_index="0" m_a="1.000000" m_b="0.000000" m_c="0.000000" m_d="1.000000" m_tx="0.500000" m_ty="-0.649000"/>
   <element name="log" layername="log" frame="3" z_index="1" m_a="1.000000" m_b="0.000000" m_c="0.000000" m_d="1.000000" m_tx="-0.500128" m_ty="1.287324"/>
   <element name="beaver_level" layername="beaver_level" frame="19" z_index="2" m_a="1.000000" m_b="0.000000" m_c="0.000000" m_d="1.000000" m_tx="0.028894" m_ty="-23.721378"/>
   <element name="bg" layername="bg" frame="0" z_index="3" m_a="1.000000" m_b="0.000000" m_c="0.000000" m_d="1.000000" m_tx="-86.549004" m_ty="-87.598999"/>
   <element name="bg2" layername="bg2" frame="0" z_index="4" m_a="1.000000" m_b="0.000000" m_c="0.000000" m_d="1.000000" m_tx="-86.749001" m_ty="-87.749001"/>
  </frame>
  <frame idx="675" w="98" h="105" x="-8.530838" y="-10.852428">
   <element name="frame_circle" layername="frame_circle" frame="0" z_index="0" m_a="1.000000" m_b="0.000000" m_c="0.000000" m_d="1.000000" m_tx="0.500000" m_ty="-0.649000"/>
   <element name="log" layername="log" frame="3" z_index="1" m_a="1.000000" m_b="0.000000" m_c="0.000000" m_d="1.000000" m_tx="-0.500128" m_ty="1.287324"/>
   <element name="beaver_level" layername="beaver_level" frame="20" z_index="2" m_a="1.000000" m_b="0.000000" m_c="0.000000" m_d="1.000000" m_tx="0.018661" m_ty="-26.177425"/>
   <element name="bg" layername="bg" frame="0" z_index="3" m_a="1.000000" m_b="0.000000" m_c="0.000000" m_d="1.000000" m_tx="-86.549004" m_ty="-87.598999"/>
   <element name="bg2" layername="bg2" frame="0" z_index="4" m_a="1.000000" m_b="0.000000" m_c="0.000000" m_d="1.000000" m_tx="-86.749001" m_ty="-87.749001"/>
  </frame>
  <frame idx="700" w="98" h="103" x="-8.529119" y="-9.011648">
   <element name="frame_circle" layername="frame_circle" frame="0" z_index="0" m_a="1.000000" m_b="0.000000" m_c="0.000000" m_d="1.000000" m_tx="0.500000" m_ty="-0.649000"/>
   <element name="log" layername="log" frame="3" z_index="1" m_a="1.000000" m_b="0.000000" m_c="0.000000" m_d="1.000000" m_tx="-0.500128" m_ty="1.287324"/>
   <element name="beaver_level" layername="beaver_level" frame="21" z_index="2" m_a="1.000000" m_b="0.000000" m_c="0.000000" m_d="1.000000" m_tx="0.020359" m_ty="-25.536608"/>
   <element name="bg" layername="bg" frame="0" z_index="3" m_a="1.000000" m_b="0.000000" m_c="0.000000" m_d="1.000000" m_tx="-86.549004" m_ty="-87.598999"/>
   <element name="bg2" layername="bg2" frame="0" z_index="4" m_a="1.000000" m_b="0.000000" m_c="0.000000" m_d="1.000000" m_tx="-86.749001" m_ty="-87.749001"/>
  </frame>
  <frame idx="725" w="98" h="103" x="-8.529119" y="-9.011648">
   <element name="frame_circle" layername="frame_circle" frame="0" z_index="0" m_a="1.000000" m_b="0.000000" m_c="0.000000" m_d="1.000000" m_tx="0.500000" m_ty="-0.649000"/>
   <element name="log" layername="log" frame="3" z_index="1" m_a="1.000000" m_b="0.000000" m_c="0.000000" m_d="1.000000" m_tx="-0.500128" m_ty="1.287324"/>
   <element name="beaver_level" layername="beaver_level" frame="21" z_index="2" m_a="1.000000" m_b="0.000000" m_c="0.000000" m_d="1.000000" m_tx="0.020359" m_ty="-25.536608"/>
   <element name="bg" layername="bg" frame="0" z_index="3" m_a="1.000000" m_b="0.000000" m_c="0.000000" m_d="1.000000" m_tx="-86.549004" m_ty="-87.598999"/>
   <element name="bg2" layername="bg2" frame="0" z_index="4" m_a="1.000000" m_b="0.000000" m_c="0.000000" m_d="1.000000" m_tx="-86.749001" m_ty="-87.749001"/>
  </frame>
 </anim>
</Anims>
